File Name,Size (Bytes),Size (Human),Created,Modified,Download Link
IAS-MOR-01-01_01-03-25 #113 DEMOED.pdf,5609263,5.35 MB,2025-01-07T05:15:42Z,2025-01-07T05:15:42Z,https://anesthesiapartners.sharepoint.com/sites/CodedWork9/Shared%20Documents/IAS/2025/MOR/IAS-MOR-01-01_01-03-25%20%23113%20DEMOED.pdf
IAS-MOR-01-06-25 #114.pdf,7062070,6.73 MB,2025-01-08T05:33:04Z,2025-01-08T05:33:04Z,https://anesthesiapartners.sharepoint.com/sites/CodedWork9/Shared%20Documents/IAS/2025/MOR/IAS-MOR-01-06-25%20%23114.pdf
IAS-MOR-01-07-25 #115.pdf,11252755,10.73 MB,2025-01-09T05:27:03Z,2025-01-09T05:27:03Z,https://anesthesiapartners.sharepoint.com/sites/CodedWork9/Shared%20Documents/IAS/2025/MOR/IAS-MOR-01-07-25%20%23115.pdf
IAS-MOR-01-08-25 #116.pdf,6055738,5.78 MB,2025-01-10T05:55:33Z,2025-01-10T05:55:33Z,https://anesthesiapartners.sharepoint.com/sites/CodedWork9/Shared%20Documents/IAS/2025/MOR/IAS-MOR-01-08-25%20%23116.pdf
IAS-MOR-01-09-25 #117 DEMOED.pdf,7388390,7.05 MB,2025-01-13T05:47:51Z,2025-01-13T14:42:48Z,https://anesthesiapartners.sharepoint.com/sites/CodedWork9/Shared%20Documents/IAS/2025/MOR/IAS-MOR-01-09-25%20%23117%20DEMOED.pdf
IAS-MOR-01-10-01-13-25 #119.pdf,6985490,6.66 MB,2025-01-15T09:41:47Z,2025-01-15T09:41:47Z,https://anesthesiapartners.sharepoint.com/sites/CodedWork9/Shared%20Documents/IAS/2025/MOR/IAS-MOR-01-10-01-13-25%20%23119.pdf
IAS-MOR-01-10-25 #118.pdf,8489648,8.10 MB,2025-01-14T05:23:19Z,2025-01-14T05:23:19Z,https://anesthesiapartners.sharepoint.com/sites/CodedWork9/Shared%20Documents/IAS/2025/MOR/IAS-MOR-01-10-25%20%23118.pdf
IAS-MOR-01-13-01-14-25 #120.pdf,4829132,4.61 MB,2025-01-15T11:36:14Z,2025-01-15T11:36:14Z,https://anesthesiapartners.sharepoint.com/sites/CodedWork9/Shared%20Documents/IAS/2025/MOR/IAS-MOR-01-13-01-14-25%20%23120.pdf
IAS-MOR-01-14-01-16-25 #122.pdf,7375779,7.03 MB,2025-01-17T10:58:51Z,2025-01-17T10:58:51Z,https://anesthesiapartners.sharepoint.com/sites/CodedWork9/Shared%20Documents/IAS/2025/MOR/IAS-MOR-01-14-01-16-25%20%23122.pdf
IAS-MOR-01-15-25 #121.pdf,2968776,2.83 MB,2025-01-16T10:28:40Z,2025-01-16T10:28:40Z,https://anesthesiapartners.sharepoint.com/sites/CodedWork9/Shared%20Documents/IAS/2025/MOR/IAS-MOR-01-15-25%20%23121.pdf
IAS-MOR-01-16-01-17-25 #123.pdf,6052291,5.77 MB,2025-01-21T05:39:49Z,2025-01-21T05:39:49Z,https://anesthesiapartners.sharepoint.com/sites/CodedWork9/Shared%20Documents/IAS/2025/MOR/IAS-MOR-01-16-01-17-25%20%23123.pdf
IAS-MOR-01-18-01-20-25 #124.pdf,3680211,3.51 MB,2025-01-22T05:30:32Z,2025-01-22T05:30:32Z,https://anesthesiapartners.sharepoint.com/sites/CodedWork9/Shared%20Documents/IAS/2025/MOR/IAS-MOR-01-18-01-20-25%20%23124.pdf
IAS-MOR-01-21_01-23-25 #126.pdf,12033418,11.48 MB,2025-01-27T05:36:03Z,2025-01-27T05:36:03Z,https://anesthesiapartners.sharepoint.com/sites/CodedWork9/Shared%20Documents/IAS/2025/MOR/IAS-MOR-01-21_01-23-25%20%23126.pdf
IAS-MOR-01-21-25 #125.pdf,9071037,8.65 MB,2025-01-23T05:25:00Z,2025-01-23T05:25:00Z,https://anesthesiapartners.sharepoint.com/sites/CodedWork9/Shared%20Documents/IAS/2025/MOR/IAS-MOR-01-21-25%20%23125.pdf
IAS-MOR-01-23_01-26-25 #127.pdf,9765859,9.31 MB,2025-01-29T05:18:54Z,2025-01-29T05:18:54Z,https://anesthesiapartners.sharepoint.com/sites/CodedWork9/Shared%20Documents/IAS/2025/MOR/IAS-MOR-01-23_01-26-25%20%23127.pdf
IAS-MOR-01-27-25 #128.pdf,5277227,5.03 MB,2025-01-30T05:20:58Z,2025-01-30T05:20:58Z,https://anesthesiapartners.sharepoint.com/sites/CodedWork9/Shared%20Documents/IAS/2025/MOR/IAS-MOR-01-27-25%20%23128.pdf
IAS-MOR-01-28_01-29-25 #129.pdf,11758523,11.21 MB,2025-01-31T05:33:56Z,2025-01-31T05:33:56Z,https://anesthesiapartners.sharepoint.com/sites/CodedWork9/Shared%20Documents/IAS/2025/MOR/IAS-MOR-01-28_01-29-25%20%23129.pdf
IAS-MOR-01-30-25 #130.pdf,8490409,8.10 MB,2025-02-04T05:29:22Z,2025-02-04T05:29:22Z,https://anesthesiapartners.sharepoint.com/sites/CodedWork9/Shared%20Documents/IAS/2025/MOR/IAS-MOR-01-30-25%20%23130.pdf
IAS-MOR-01-31-02-03-25 #132.pdf,7831465,7.47 MB,2025-02-04T11:33:08Z,2025-02-04T11:33:08Z,https://anesthesiapartners.sharepoint.com/sites/CodedWork9/Shared%20Documents/IAS/2025/MOR/IAS-MOR-01-31-02-03-25%20%23132.pdf
IAS-MOR-01-31-25 #131.pdf,7189215,6.86 MB,2025-02-04T05:29:22Z,2025-02-04T05:29:22Z,https://anesthesiapartners.sharepoint.com/sites/CodedWork9/Shared%20Documents/IAS/2025/MOR/IAS-MOR-01-31-25%20%23131.pdf
IAS-MOR-02-04-02-05-25 #134.pdf,6284884,5.99 MB,2025-02-06T10:56:10Z,2025-02-06T10:56:10Z,https://anesthesiapartners.sharepoint.com/sites/CodedWork9/Shared%20Documents/IAS/2025/MOR/IAS-MOR-02-04-02-05-25%20%23134.pdf
IAS-MOR-02-04-25 #133.pdf,13250626,12.64 MB,2025-02-06T05:29:29Z,2025-02-06T05:29:29Z,https://anesthesiapartners.sharepoint.com/sites/CodedWork9/Shared%20Documents/IAS/2025/MOR/IAS-MOR-02-04-25%20%23133.pdf
IAS-MOR-02-06_02-09-25 #136.pdf,11059488,10.55 MB,2025-02-12T05:28:14Z,2025-02-12T05:28:14Z,https://anesthesiapartners.sharepoint.com/sites/CodedWork9/Shared%20Documents/IAS/2025/MOR/IAS-MOR-02-06_02-09-25%20%23136.pdf
IAS-MOR-02-06-25 #135.pdf,6829530,6.51 MB,2025-02-07T12:13:07Z,2025-02-07T12:13:07Z,https://anesthesiapartners.sharepoint.com/sites/CodedWork9/Shared%20Documents/IAS/2025/MOR/IAS-MOR-02-06-25%20%23135.pdf
IAS-MOR-02-10_02-11-25 #137 DEMOED.pdf,9344351,8.91 MB,2025-02-13T05:34:08Z,2025-02-13T05:34:08Z,https://anesthesiapartners.sharepoint.com/sites/CodedWork9/Shared%20Documents/IAS/2025/MOR/IAS-MOR-02-10_02-11-25%20%23137%20DEMOED.pdf
IAS-MOR-02-10_02-13-25 #139 DEMOED.pdf,6017612,5.74 MB,2025-02-14T10:23:10Z,2025-02-14T10:23:10Z,https://anesthesiapartners.sharepoint.com/sites/CodedWork9/Shared%20Documents/IAS/2025/MOR/IAS-MOR-02-10_02-13-25%20%23139%20DEMOED.pdf
IAS-MOR-02-12-25 #138 DEMOED.pdf,5239063,5.00 MB,2025-02-14T09:02:02Z,2025-02-14T09:02:02Z,https://anesthesiapartners.sharepoint.com/sites/CodedWork9/Shared%20Documents/IAS/2025/MOR/IAS-MOR-02-12-25%20%23138%20DEMOED.pdf
IAS-MOR-02-13_02-17-25 #141.pdf,5306924,5.06 MB,2025-02-19T05:23:32Z,2025-02-19T05:23:32Z,https://anesthesiapartners.sharepoint.com/sites/CodedWork9/Shared%20Documents/IAS/2025/MOR/IAS-MOR-02-13_02-17-25%20%23141.pdf
IAS-MOR-02-14-25 #140 DEMOED.pdf,7028301,6.70 MB,2025-02-17T11:52:22Z,2025-02-17T11:52:22Z,https://anesthesiapartners.sharepoint.com/sites/CodedWork9/Shared%20Documents/IAS/2025/MOR/IAS-MOR-02-14-25%20%23140%20DEMOED.pdf
IAS-MOR-02-18_02-20-25 #143.pdf,12360666,11.79 MB,2025-02-21T10:52:24Z,2025-02-21T10:52:24Z,https://anesthesiapartners.sharepoint.com/sites/CodedWork9/Shared%20Documents/IAS/2025/MOR/IAS-MOR-02-18_02-20-25%20%23143.pdf
IAS-MOR-02-18-25 #142.pdf,11221201,10.70 MB,2025-02-20T05:22:11Z,2025-02-20T05:22:11Z,https://anesthesiapartners.sharepoint.com/sites/CodedWork9/Shared%20Documents/IAS/2025/MOR/IAS-MOR-02-18-25%20%23142.pdf
IAS-MOR-02-21-25 #144 DEMOED.pdf,8769019,8.36 MB,2025-02-24T12:00:02Z,2025-02-24T12:00:02Z,https://anesthesiapartners.sharepoint.com/sites/CodedWork9/Shared%20Documents/IAS/2025/MOR/IAS-MOR-02-21-25%20%23144%20DEMOED.pdf
IAS-MOR-02-21-25-02-23-25 #145.pdf,2151805,2.05 MB,2025-02-25T12:31:41Z,2025-02-25T12:31:41Z,https://anesthesiapartners.sharepoint.com/sites/CodedWork9/Shared%20Documents/IAS/2025/MOR/IAS-MOR-02-21-25-02-23-25%20%23145.pdf
IAS-MOR-02-24_02-25-25 #146.pdf,9118646,8.70 MB,2025-03-03T11:00:38Z,2025-03-03T11:00:38Z,https://anesthesiapartners.sharepoint.com/sites/CodedWork9/Shared%20Documents/IAS/2025/MOR/IAS-MOR-02-24_02-25-25%20%23146.pdf
IAS-MOR-02-26-25 #147.pdf,5693001,5.43 MB,2025-03-03T11:00:38Z,2025-03-03T11:00:38Z,https://anesthesiapartners.sharepoint.com/sites/CodedWork9/Shared%20Documents/IAS/2025/MOR/IAS-MOR-02-26-25%20%23147.pdf
IAS-MOR-02-27-02-28-25 #149.pdf,7330892,6.99 MB,2025-03-04T12:25:18Z,2025-03-04T12:25:18Z,https://anesthesiapartners.sharepoint.com/sites/CodedWork9/Shared%20Documents/IAS/2025/MOR/IAS-MOR-02-27-02-28-25%20%23149.pdf
IAS-MOR-02-27-25 #148.pdf,6054078,5.77 MB,2025-03-04T10:55:19Z,2025-03-04T10:55:19Z,https://anesthesiapartners.sharepoint.com/sites/CodedWork9/Shared%20Documents/IAS/2025/MOR/IAS-MOR-02-27-25%20%23148.pdf
IAS-MOR-02-28_03-03-25 #150.pdf,4136187,3.94 MB,2025-03-04T12:25:18Z,2025-03-04T12:25:18Z,https://anesthesiapartners.sharepoint.com/sites/CodedWork9/Shared%20Documents/IAS/2025/MOR/IAS-MOR-02-28_03-03-25%20%23150.pdf
IAS-MOR-03-03_03-06-25 #152.pdf,10827608,10.33 MB,2025-03-10T07:48:44Z,2025-03-10T07:48:44Z,https://anesthesiapartners.sharepoint.com/sites/CodedWork9/Shared%20Documents/IAS/2025/MOR/IAS-MOR-03-03_03-06-25%20%23152.pdf
IAS-MOR-03-03-03-04-25 #151 DEMOED.pdf,9835068,9.38 MB,2025-03-07T05:29:50Z,2025-03-07T05:29:50Z,https://anesthesiapartners.sharepoint.com/sites/CodedWork9/Shared%20Documents/IAS/2025/MOR/IAS-MOR-03-03-03-04-25%20%23151%20DEMOED.pdf
IAS-MOR-03-07_03-11-25 #154.pdf,16948100,16.16 MB,2025-03-13T11:01:53Z,2025-03-13T11:01:53Z,https://anesthesiapartners.sharepoint.com/sites/CodedWork9/Shared%20Documents/IAS/2025/MOR/IAS-MOR-03-07_03-11-25%20%23154.pdf
IAS-MOR-03-07-25 #153.pdf,6708341,6.40 MB,2025-03-12T10:01:40Z,2025-03-12T10:01:40Z,https://anesthesiapartners.sharepoint.com/sites/CodedWork9/Shared%20Documents/IAS/2025/MOR/IAS-MOR-03-07-25%20%23153.pdf
IAS-MOR-03-12_03-13-25 #155.pdf,10768893,10.27 MB,2025-03-19T05:27:41Z,2025-03-19T05:27:41Z,https://anesthesiapartners.sharepoint.com/sites/CodedWork9/Shared%20Documents/IAS/2025/MOR/IAS-MOR-03-12_03-13-25%20%23155.pdf
IAS-MOR-03-12-03-16-25 #156.pdf,5259485,5.02 MB,2025-03-18T09:36:22Z,2025-03-18T09:36:22Z,https://anesthesiapartners.sharepoint.com/sites/CodedWork9/Shared%20Documents/IAS/2025/MOR/IAS-MOR-03-12-03-16-25%20%23156.pdf
IAS-MOR-03-17-25 #157.pdf,3781909,3.61 MB,2025-03-20T05:29:11Z,2025-03-20T05:29:11Z,https://anesthesiapartners.sharepoint.com/sites/CodedWork9/Shared%20Documents/IAS/2025/MOR/IAS-MOR-03-17-25%20%23157.pdf
IAS-MOR-03-18-25 #158.pdf,4119667,3.93 MB,2025-03-21T05:25:21Z,2025-03-21T05:25:21Z,https://anesthesiapartners.sharepoint.com/sites/CodedWork9/Shared%20Documents/IAS/2025/MOR/IAS-MOR-03-18-25%20%23158.pdf
IAS-MOR-03-19_03-20-25 #159.pdf,8934846,8.52 MB,2025-03-24T07:03:18Z,2025-03-24T07:03:18Z,https://anesthesiapartners.sharepoint.com/sites/CodedWork9/Shared%20Documents/IAS/2025/MOR/IAS-MOR-03-19_03-20-25%20%23159.pdf
IAS-MOR-03-19-25-03-23-25 #160.pdf,6128100,5.84 MB,2025-03-26T05:33:16Z,2025-03-26T05:33:16Z,https://anesthesiapartners.sharepoint.com/sites/CodedWork9/Shared%20Documents/IAS/2025/MOR/IAS-MOR-03-19-25-03-23-25%20%23160.pdf
IAS-MOR-03-24-25 #161.pdf,4320912,4.12 MB,2025-03-27T05:03:56Z,2025-03-27T05:03:56Z,https://anesthesiapartners.sharepoint.com/sites/CodedWork9/Shared%20Documents/IAS/2025/MOR/IAS-MOR-03-24-25%20%23161.pdf
IAS-MOR-03-25-25 #162.pdf,6837515,6.52 MB,2025-03-28T11:09:57Z,2025-03-28T11:09:57Z,https://anesthesiapartners.sharepoint.com/sites/CodedWork9/Shared%20Documents/IAS/2025/MOR/IAS-MOR-03-25-25%20%23162.pdf
IAS-MOR-03-26_03-28-25 #163 DEMOED.pdf,14117297,13.46 MB,2025-04-01T04:29:30Z,2025-04-01T04:29:30Z,https://anesthesiapartners.sharepoint.com/sites/CodedWork9/Shared%20Documents/IAS/2025/MOR/IAS-MOR-03-26_03-28-25%20%23163%20DEMOED.pdf
IAS-MOR-03-28-03-31-25 #164.pdf,6273257,5.98 MB,2025-04-02T04:41:42Z,2025-04-02T04:41:42Z,https://anesthesiapartners.sharepoint.com/sites/CodedWork9/Shared%20Documents/IAS/2025/MOR/IAS-MOR-03-28-03-31-25%20%23164.pdf
IAS-MOR-03-31_04-01-25 #165.pdf,12488334,11.91 MB,2025-04-04T04:36:20Z,2025-04-04T04:36:20Z,https://anesthesiapartners.sharepoint.com/sites/CodedWork9/Shared%20Documents/IAS/2025/MOR/IAS-MOR-03-31_04-01-25%20%23165.pdf
IAS-MOR-04-02-25 #166.pdf,2596903,2.48 MB,2025-04-07T04:26:03Z,2025-04-07T04:26:03Z,https://anesthesiapartners.sharepoint.com/sites/CodedWork9/Shared%20Documents/IAS/2025/MOR/IAS-MOR-04-02-25%20%23166.pdf
IAS-MOR-04-03_04-07-25 #168.pdf,12596560,12.01 MB,2025-04-10T05:15:47Z,2025-04-10T05:15:47Z,https://anesthesiapartners.sharepoint.com/sites/CodedWork9/Shared%20Documents/IAS/2025/MOR/IAS-MOR-04-03_04-07-25%20%23168.pdf
IAS-MOR-04-03-25 #167.pdf,3733214,3.56 MB,2025-04-10T04:31:43Z,2025-04-10T04:31:43Z,https://anesthesiapartners.sharepoint.com/sites/CodedWork9/Shared%20Documents/IAS/2025/MOR/IAS-MOR-04-03-25%20%23167.pdf
IAS-MOR-04-08-25 #169.pdf,5696660,5.43 MB,2025-04-10T11:38:14Z,2025-04-10T11:38:14Z,https://anesthesiapartners.sharepoint.com/sites/CodedWork9/Shared%20Documents/IAS/2025/MOR/IAS-MOR-04-08-25%20%23169.pdf
IAS-MOR-04-08-25 #1691.pdf,5704007,5.44 MB,2025-04-10T12:41:27Z,2025-04-10T12:41:27Z,https://anesthesiapartners.sharepoint.com/sites/CodedWork9/Shared%20Documents/IAS/2025/MOR/IAS-MOR-04-08-25%20%231691.pdf
IAS-MOR-04-09-25 #170.pdf,6746863,6.43 MB,2025-04-14T04:32:42Z,2025-04-14T04:32:42Z,https://anesthesiapartners.sharepoint.com/sites/CodedWork9/Shared%20Documents/IAS/2025/MOR/IAS-MOR-04-09-25%20%23170.pdf
IAS-MOR-04-10-25 #171.pdf,8360792,7.97 MB,2025-04-15T04:33:56Z,2025-04-15T04:33:56Z,https://anesthesiapartners.sharepoint.com/sites/CodedWork9/Shared%20Documents/IAS/2025/MOR/IAS-MOR-04-10-25%20%23171.pdf
IAS-MOR-04-11_04-14-25 #172.pdf,14895626,14.21 MB,2025-04-16T04:37:29Z,2025-04-16T04:37:29Z,https://anesthesiapartners.sharepoint.com/sites/CodedWork9/Shared%20Documents/IAS/2025/MOR/IAS-MOR-04-11_04-14-25%20%23172.pdf
IAS-MOR-04-15_04-16-25 #173.pdf,18825139,17.95 MB,2025-04-18T17:23:58Z,2025-04-18T17:23:58Z,https://anesthesiapartners.sharepoint.com/sites/CodedWork9/Shared%20Documents/IAS/2025/MOR/IAS-MOR-04-15_04-16-25%20%23173.pdf
IAS-MOR-04-17-25 #174.pdf,5711465,5.45 MB,2025-04-23T03:55:44Z,2025-04-23T03:55:44Z,https://anesthesiapartners.sharepoint.com/sites/CodedWork9/Shared%20Documents/IAS/2025/MOR/IAS-MOR-04-17-25%20%23174.pdf
IAS-MOR-04-18-25 #175.pdf,8575078,8.18 MB,2025-04-24T03:57:29Z,2025-04-24T03:57:29Z,https://anesthesiapartners.sharepoint.com/sites/CodedWork9/Shared%20Documents/IAS/2025/MOR/IAS-MOR-04-18-25%20%23175.pdf
IAS-MOR-04-19_04-21-25 #176.pdf,9340701,8.91 MB,2025-04-24T03:57:29Z,2025-04-24T03:57:29Z,https://anesthesiapartners.sharepoint.com/sites/CodedWork9/Shared%20Documents/IAS/2025/MOR/IAS-MOR-04-19_04-21-25%20%23176.pdf
IAS-MOR-04-22_04-23-25 #177.pdf,11295418,10.77 MB,2025-04-27T20:47:43Z,2025-04-27T20:47:43Z,https://anesthesiapartners.sharepoint.com/sites/CodedWork9/Shared%20Documents/IAS/2025/MOR/IAS-MOR-04-22_04-23-25%20%23177.pdf
IAS-MOR-04-24_04-25-25 #178.pdf,11323474,10.80 MB,2025-04-29T10:52:10Z,2025-04-29T10:52:10Z,https://anesthesiapartners.sharepoint.com/sites/CodedWork9/Shared%20Documents/IAS/2025/MOR/IAS-MOR-04-24_04-25-25%20%23178.pdf
IAS-MOR-04-25-04-28-25 #179.pdf,3184008,3.04 MB,2025-05-02T07:18:07Z,2025-05-02T07:18:07Z,https://anesthesiapartners.sharepoint.com/sites/CodedWork9/Shared%20Documents/IAS/2025/MOR/IAS-MOR-04-25-04-28-25%20%23179.pdf
IAS-MOR-04-28-04-29-25 #180.pdf,5756839,5.49 MB,2025-05-05T04:23:10Z,2025-05-05T04:23:10Z,https://anesthesiapartners.sharepoint.com/sites/CodedWork9/Shared%20Documents/IAS/2025/MOR/IAS-MOR-04-28-04-29-25%20%23180.pdf
IAS-MOR-04-29-05-02-25 #182 DEMOED.pdf,9096917,8.68 MB,2025-05-06T08:11:24Z,2025-05-06T08:11:24Z,https://anesthesiapartners.sharepoint.com/sites/CodedWork9/Shared%20Documents/IAS/2025/MOR/IAS-MOR-04-29-05-02-25%20%23182%20DEMOED.pdf
IAS-MOR-04-30_05-01-25 #181.pdf,8489585,8.10 MB,2025-05-05T04:23:13Z,2025-05-05T04:23:13Z,https://anesthesiapartners.sharepoint.com/sites/CodedWork9/Shared%20Documents/IAS/2025/MOR/IAS-MOR-04-30_05-01-25%20%23181.pdf
IAS-MOR-05-05-25 #183.pdf,4021988,3.84 MB,2025-05-09T04:04:25Z,2025-05-09T04:04:25Z,https://anesthesiapartners.sharepoint.com/sites/CodedWork9/Shared%20Documents/IAS/2025/MOR/IAS-MOR-05-05-25%20%23183.pdf
IAS-MOR-05-06-25 #184.pdf,7290463,6.95 MB,2025-05-09T04:04:25Z,2025-05-09T04:04:25Z,https://anesthesiapartners.sharepoint.com/sites/CodedWork9/Shared%20Documents/IAS/2025/MOR/IAS-MOR-05-06-25%20%23184.pdf
IAS-MOR-05-07-25 #185.pdf,4164205,3.97 MB,2025-05-12T08:13:41Z,2025-05-12T08:13:41Z,https://anesthesiapartners.sharepoint.com/sites/CodedWork9/Shared%20Documents/IAS/2025/MOR/IAS-MOR-05-07-25%20%23185.pdf
IAS-MOR-05-08-25 #186.pdf,8683181,8.28 MB,2025-05-14T04:00:05Z,2025-05-14T04:00:05Z,https://anesthesiapartners.sharepoint.com/sites/CodedWork9/Shared%20Documents/IAS/2025/MOR/IAS-MOR-05-08-25%20%23186.pdf
IAS-MOR-05-09-25 #187.pdf,4774322,4.55 MB,2025-05-14T04:00:06Z,2025-05-14T04:00:06Z,https://anesthesiapartners.sharepoint.com/sites/CodedWork9/Shared%20Documents/IAS/2025/MOR/IAS-MOR-05-09-25%20%23187.pdf
IAS-MOR-05-10_05-11-25 #188.pdf,2151311,2.05 MB,2025-05-14T04:00:06Z,2025-05-14T04:00:06Z,https://anesthesiapartners.sharepoint.com/sites/CodedWork9/Shared%20Documents/IAS/2025/MOR/IAS-MOR-05-10_05-11-25%20%23188.pdf
IAS-MOR-05-12-25 #189.pdf,4284741,4.09 MB,2025-05-16T10:45:06Z,2025-05-16T10:45:06Z,https://anesthesiapartners.sharepoint.com/sites/CodedWork9/Shared%20Documents/IAS/2025/MOR/IAS-MOR-05-12-25%20%23189.pdf
IAS-MOR-05-13-25 #190.pdf,5783176,5.52 MB,2025-05-16T04:54:19Z,2025-05-16T04:54:19Z,https://anesthesiapartners.sharepoint.com/sites/CodedWork9/Shared%20Documents/IAS/2025/MOR/IAS-MOR-05-13-25%20%23190.pdf
IAS-MOR-05-14-25 #191 DEMOED.pdf,3947052,3.76 MB,2025-05-19T04:50:50Z,2025-05-19T04:50:50Z,https://anesthesiapartners.sharepoint.com/sites/CodedWork9/Shared%20Documents/IAS/2025/MOR/IAS-MOR-05-14-25%20%23191%20DEMOED.pdf
IAS-MOR-05-15_05-16-25 #192.pdf,12450362,11.87 MB,2025-05-19T13:23:03Z,2025-05-19T13:23:03Z,https://anesthesiapartners.sharepoint.com/sites/CodedWork9/Shared%20Documents/IAS/2025/MOR/IAS-MOR-05-15_05-16-25%20%23192.pdf
IAS-MOR-05-16_05-19-25 #193 DEMOED.pdf,7135542,6.80 MB,2025-05-25T20:45:57Z,2025-05-25T20:45:57Z,https://anesthesiapartners.sharepoint.com/sites/CodedWork9/Shared%20Documents/IAS/2025/MOR/IAS-MOR-05-16_05-19-25%20%23193%20DEMOED.pdf
IAS-MOR-05-20-05-21-25 #195.pdf,5011882,4.78 MB,2025-05-25T20:45:59Z,2025-05-25T20:45:59Z,https://anesthesiapartners.sharepoint.com/sites/CodedWork9/Shared%20Documents/IAS/2025/MOR/IAS-MOR-05-20-05-21-25%20%23195.pdf
IAS-MOR-05-20-25 #194 DEMOED.pdf,10275978,9.80 MB,2025-05-26T03:54:56Z,2025-05-26T03:54:56Z,https://anesthesiapartners.sharepoint.com/sites/CodedWork9/Shared%20Documents/IAS/2025/MOR/IAS-MOR-05-20-25%20%23194%20DEMOED.pdf
IAS-MOR-05-22-25 #196.pdf,8968333,8.55 MB,2025-05-27T03:45:36Z,2025-05-27T03:45:36Z,https://anesthesiapartners.sharepoint.com/sites/CodedWork9/Shared%20Documents/IAS/2025/MOR/IAS-MOR-05-22-25%20%23196.pdf
IAS-MOR-05-23_05-24-25 #197.pdf,6542513,6.24 MB,2025-05-28T12:19:40Z,2025-05-28T12:19:40Z,https://anesthesiapartners.sharepoint.com/sites/CodedWork9/Shared%20Documents/IAS/2025/MOR/IAS-MOR-05-23_05-24-25%20%23197.pdf
IAS-MOR-05-27_05-28-25 #198 DEMOED.pdf,8346472,7.96 MB,2025-05-30T13:47:26Z,2025-05-30T13:47:26Z,https://anesthesiapartners.sharepoint.com/sites/CodedWork9/Shared%20Documents/IAS/2025/MOR/IAS-MOR-05-27_05-28-25%20%23198%20DEMOED.pdf
IAS-MOR-05-29-25 #199 DEMOED.pdf,5060444,4.83 MB,2025-05-30T11:43:50Z,2025-05-30T11:43:50Z,https://anesthesiapartners.sharepoint.com/sites/CodedWork9/Shared%20Documents/IAS/2025/MOR/IAS-MOR-05-29-25%20%23199%20DEMOED.pdf
IAS-MOR-06-02-25 #201.pdf,6876987,6.56 MB,2025-06-06T09:28:19Z,2025-06-06T09:28:19Z,https://anesthesiapartners.sharepoint.com/sites/CodedWork9/Shared%20Documents/IAS/2025/MOR/IAS-MOR-06-02-25%20%23201.pdf
IAS-MOR-06-03-25 #202.pdf,9731059,9.28 MB,2025-06-05T09:59:42Z,2025-06-05T09:59:42Z,https://anesthesiapartners.sharepoint.com/sites/CodedWork9/Shared%20Documents/IAS/2025/MOR/IAS-MOR-06-03-25%20%23202.pdf
IAS-MOR-06-04-25 #203.pdf,7544093,7.19 MB,2025-06-06T13:15:42Z,2025-06-06T13:15:42Z,https://anesthesiapartners.sharepoint.com/sites/CodedWork9/Shared%20Documents/IAS/2025/MOR/IAS-MOR-06-04-25%20%23203.pdf
IAS-MOR-06-05_06-06-25 #204.pdf,12013866,11.46 MB,2025-06-10T04:28:30Z,2025-06-10T04:28:30Z,https://anesthesiapartners.sharepoint.com/sites/CodedWork9/Shared%20Documents/IAS/2025/MOR/IAS-MOR-06-05_06-06-25%20%23204.pdf
IAS-MOR-06-06-06-09-25 #205 DEMOED.pdf,6025055,5.75 MB,2025-06-11T09:24:02Z,2025-06-11T09:24:02Z,https://anesthesiapartners.sharepoint.com/sites/CodedWork9/Shared%20Documents/IAS/2025/MOR/IAS-MOR-06-06-06-09-25%20%23205%20DEMOED.pdf
IAS-MOR-06-09_06-11-25 #207 DEMOED.pdf,5258819,5.02 MB,2025-06-16T09:12:22Z,2025-06-16T09:12:22Z,https://anesthesiapartners.sharepoint.com/sites/CodedWork9/Shared%20Documents/IAS/2025/MOR/IAS-MOR-06-09_06-11-25%20%23207%20DEMOED.pdf
IAS-MOR-06-10-25 #206.pdf,5215958,4.97 MB,2025-06-16T05:08:36Z,2025-06-16T05:08:36Z,https://anesthesiapartners.sharepoint.com/sites/CodedWork9/Shared%20Documents/IAS/2025/MOR/IAS-MOR-06-10-25%20%23206.pdf
IAS-MOR-06-12-25 #208 DEMOED.pdf,6188790,5.90 MB,2025-06-16T07:22:22Z,2025-06-16T07:22:22Z,https://anesthesiapartners.sharepoint.com/sites/CodedWork9/Shared%20Documents/IAS/2025/MOR/IAS-MOR-06-12-25%20%23208%20DEMOED.pdf
IAS-MOR-06-13_06-16-25 #209 DEMOED.pdf,11377153,10.85 MB,2025-06-19T04:53:59Z,2025-06-19T04:53:59Z,https://anesthesiapartners.sharepoint.com/sites/CodedWork9/Shared%20Documents/IAS/2025/MOR/IAS-MOR-06-13_06-16-25%20%23209%20DEMOED.pdf
IAS-MOR-06-16-06-17-25 #210.pdf,9516900,9.08 MB,2025-06-23T12:29:40Z,2025-06-23T12:29:40Z,https://anesthesiapartners.sharepoint.com/sites/CodedWork9/Shared%20Documents/IAS/2025/MOR/IAS-MOR-06-16-06-17-25%20%23210.pdf
IAS-MOR-06-17-06-18-25 #211.pdf,8357127,7.97 MB,2025-06-24T12:30:54Z,2025-06-24T12:30:54Z,https://anesthesiapartners.sharepoint.com/sites/CodedWork9/Shared%20Documents/IAS/2025/MOR/IAS-MOR-06-17-06-18-25%20%23211.pdf
IAS-MOR-06-19-25 #212.pdf,6847325,6.53 MB,2025-06-25T05:29:03Z,2025-06-25T05:29:03Z,https://anesthesiapartners.sharepoint.com/sites/CodedWork9/Shared%20Documents/IAS/2025/MOR/IAS-MOR-06-19-25%20%23212.pdf
IAS-MOR-06-20-25 #213.pdf,7529324,7.18 MB,2025-06-26T07:12:20Z,2025-06-26T07:12:20Z,https://anesthesiapartners.sharepoint.com/sites/CodedWork9/Shared%20Documents/IAS/2025/MOR/IAS-MOR-06-20-25%20%23213.pdf
IAS-MOR-06-21_06-23-25 #214.pdf,9038783,8.62 MB,2025-06-26T09:11:39Z,2025-06-26T09:11:39Z,https://anesthesiapartners.sharepoint.com/sites/CodedWork9/Shared%20Documents/IAS/2025/MOR/IAS-MOR-06-21_06-23-25%20%23214.pdf
IAS-MOR-06-24-25 #215.pdf,5801686,5.53 MB,2025-06-30T07:16:27Z,2025-06-30T07:16:27Z,https://anesthesiapartners.sharepoint.com/sites/CodedWork9/Shared%20Documents/IAS/2025/MOR/IAS-MOR-06-24-25%20%23215.pdf
IAS-MOR-06-25-25 #216.pdf,10287493,9.81 MB,2025-07-02T11:06:17Z,2025-07-02T11:06:17Z,https://anesthesiapartners.sharepoint.com/sites/CodedWork9/Shared%20Documents/IAS/2025/MOR/IAS-MOR-06-25-25%20%23216.pdf
IAS-MOR-06-26-25 #217  DEMOED.pdf,8285387,7.90 MB,2025-07-01T06:54:19Z,2025-07-01T06:54:19Z,https://anesthesiapartners.sharepoint.com/sites/CodedWork9/Shared%20Documents/IAS/2025/MOR/IAS-MOR-06-26-25%20%23217%20%20DEMOED.pdf
IAS-MOR-06-27-25 #218.pdf,9052272,8.63 MB,2025-07-02T10:00:12Z,2025-07-02T10:00:12Z,https://anesthesiapartners.sharepoint.com/sites/CodedWork9/Shared%20Documents/IAS/2025/MOR/IAS-MOR-06-27-25%20%23218.pdf
IAS-MOR-06-30-25 #219.pdf,7485415,7.14 MB,2025-07-03T09:13:11Z,2025-07-03T09:13:11Z,https://anesthesiapartners.sharepoint.com/sites/CodedWork9/Shared%20Documents/IAS/2025/MOR/IAS-MOR-06-30-25%20%23219.pdf
IAS-MOR-07-01-25 #220 DEMOED.pdf,7583975,7.23 MB,2025-07-03T12:51:10Z,2025-07-03T12:51:10Z,https://anesthesiapartners.sharepoint.com/sites/CodedWork9/Shared%20Documents/IAS/2025/MOR/IAS-MOR-07-01-25%20%23220%20DEMOED.pdf
IAS-MOR-07-02_07-03-25 #221 DEMOED (1).pdf,10519606,10.03 MB,2025-07-07T07:57:42Z,2025-07-07T07:57:42Z,https://anesthesiapartners.sharepoint.com/sites/CodedWork9/Shared%20Documents/IAS/2025/MOR/IAS-MOR-07-02_07-03-25%20%23221%20DEMOED%20(1).pdf
IAS-MOR-07-03_07-07-25 #222.pdf,11559784,11.02 MB,2025-07-10T04:34:18Z,2025-07-10T04:34:18Z,https://anesthesiapartners.sharepoint.com/sites/CodedWork9/Shared%20Documents/IAS/2025/MOR/IAS-MOR-07-03_07-07-25%20%23222.pdf
IAS-MOR-07-08-07-09-25 #224.pdf,8132085,7.76 MB,2025-07-10T12:09:16Z,2025-07-10T12:09:16Z,https://anesthesiapartners.sharepoint.com/sites/CodedWork9/Shared%20Documents/IAS/2025/MOR/IAS-MOR-07-08-07-09-25%20%23224.pdf
IAS-MOR-07-08-25 #223.pdf,8152434,7.77 MB,2025-07-14T08:56:23Z,2025-07-14T08:56:23Z,https://anesthesiapartners.sharepoint.com/sites/CodedWork9/Shared%20Documents/IAS/2025/MOR/IAS-MOR-07-08-25%20%23223.pdf
IAS-MOR-07-10-25 #225.pdf,7615035,7.26 MB,2025-07-14T10:02:28Z,2025-07-14T10:02:28Z,https://anesthesiapartners.sharepoint.com/sites/CodedWork9/Shared%20Documents/IAS/2025/MOR/IAS-MOR-07-10-25%20%23225.pdf
IAS-MOR-07-11-25 #226.pdf,8835576,8.43 MB,2025-07-15T12:54:25Z,2025-07-15T12:54:25Z,https://anesthesiapartners.sharepoint.com/sites/CodedWork9/Shared%20Documents/IAS/2025/MOR/IAS-MOR-07-11-25%20%23226.pdf
IAS-MOR-07-14-25 #227 DEMOED.pdf,7398389,7.06 MB,2025-07-17T12:18:39Z,2025-07-17T12:18:39Z,https://anesthesiapartners.sharepoint.com/sites/CodedWork9/Shared%20Documents/IAS/2025/MOR/IAS-MOR-07-14-25%20%23227%20DEMOED.pdf
IAS-MOR-07-15-25 #228 DEMOED.pdf,9111764,8.69 MB,2025-07-18T12:31:52Z,2025-07-18T12:31:52Z,https://anesthesiapartners.sharepoint.com/sites/CodedWork9/Shared%20Documents/IAS/2025/MOR/IAS-MOR-07-15-25%20%23228%20DEMOED.pdf
IAS-MOR-07-16-25 #229.pdf,9989818,9.53 MB,2025-07-18T12:54:17Z,2025-07-18T12:54:17Z,https://anesthesiapartners.sharepoint.com/sites/CodedWork9/Shared%20Documents/IAS/2025/MOR/IAS-MOR-07-16-25%20%23229.pdf
IAS-MOR-07-17-25 #230 DEMOED.pdf,6662823,6.35 MB,2025-07-21T13:32:22Z,2025-07-21T13:32:22Z,https://anesthesiapartners.sharepoint.com/sites/CodedWork9/Shared%20Documents/IAS/2025/MOR/IAS-MOR-07-17-25%20%23230%20DEMOED.pdf
IAS-MOR-07-18-25 #231.pdf,10063830,9.60 MB,2025-07-24T10:50:15Z,2025-07-24T10:50:15Z,https://anesthesiapartners.sharepoint.com/sites/CodedWork9/Shared%20Documents/IAS/2025/MOR/IAS-MOR-07-18-25%20%23231.pdf
IAS-MOR-07-21-07-22-25 #233.pdf,5257300,5.01 MB,2025-07-24T09:57:24Z,2025-07-24T09:57:24Z,https://anesthesiapartners.sharepoint.com/sites/CodedWork9/Shared%20Documents/IAS/2025/MOR/IAS-MOR-07-21-07-22-25%20%23233.pdf
IAS-MOR-07-21-07-28-25 #237.pdf,10103311,9.64 MB,2025-07-31T12:37:11Z,2025-07-31T12:37:11Z,https://anesthesiapartners.sharepoint.com/sites/CodedWork9/Shared%20Documents/IAS/2025/MOR/IAS-MOR-07-21-07-28-25%20%23237.pdf
IAS-MOR-07-21-25 #232.pdf,4509856,4.30 MB,2025-07-24T09:07:57Z,2025-07-24T09:07:57Z,https://anesthesiapartners.sharepoint.com/sites/CodedWork9/Shared%20Documents/IAS/2025/MOR/IAS-MOR-07-21-25%20%23232.pdf
IAS-MOR-07-23-25 #234.pdf,7212980,6.88 MB,2025-07-30T07:40:12Z,2025-07-30T07:40:12Z,https://anesthesiapartners.sharepoint.com/sites/CodedWork9/Shared%20Documents/IAS/2025/MOR/IAS-MOR-07-23-25%20%23234.pdf
IAS-MOR-07-24-07-27-25 #236.pdf,10326824,9.85 MB,2025-07-30T11:52:10Z,2025-07-30T11:52:10Z,https://anesthesiapartners.sharepoint.com/sites/CodedWork9/Shared%20Documents/IAS/2025/MOR/IAS-MOR-07-24-07-27-25%20%23236.pdf
IAS-MOR-07-24-25 #235.pdf,7391123,7.05 MB,2025-07-28T13:29:20Z,2025-07-28T13:29:20Z,https://anesthesiapartners.sharepoint.com/sites/CodedWork9/Shared%20Documents/IAS/2025/MOR/IAS-MOR-07-24-25%20%23235.pdf
IAS-MOR-07-29-25 #238 DEMOED.pdf,6156007,5.87 MB,2025-07-31T09:41:23Z,2025-07-31T09:41:23Z,https://anesthesiapartners.sharepoint.com/sites/CodedWork9/Shared%20Documents/IAS/2025/MOR/IAS-MOR-07-29-25%20%23238%20DEMOED.pdf
IAS-MOR-07-30-25 #239.pdf,6572114,6.27 MB,2025-08-05T04:58:19Z,2025-08-05T04:58:19Z,https://anesthesiapartners.sharepoint.com/sites/CodedWork9/Shared%20Documents/IAS/2025/MOR/IAS-MOR-07-30-25%20%23239.pdf
IAS-MOR-07-31-25 #240.pdf,4382090,4.18 MB,2025-08-07T13:52:31Z,2025-08-07T13:52:31Z,https://anesthesiapartners.sharepoint.com/sites/CodedWork9/Shared%20Documents/IAS/2025/MOR/IAS-MOR-07-31-25%20%23240.pdf
IAS-MOR-08-01-08-03-25 #241.pdf,8469811,8.08 MB,2025-08-07T10:38:21Z,2025-08-07T10:38:21Z,https://anesthesiapartners.sharepoint.com/sites/CodedWork9/Shared%20Documents/IAS/2025/MOR/IAS-MOR-08-01-08-03-25%20%23241.pdf
IAS-MOR-08-04_08-05-25 #243 DEMOED.pdf,9127700,8.70 MB,2025-08-12T11:50:48Z,2025-08-12T11:50:48Z,https://anesthesiapartners.sharepoint.com/sites/CodedWork9/Shared%20Documents/IAS/2025/MOR/IAS-MOR-08-04_08-05-25%20%23243%20DEMOED.pdf
IAS-MOR-08-04-25 #242.pdf,8397631,8.01 MB,2025-08-07T10:19:53Z,2025-08-07T13:10:52Z,https://anesthesiapartners.sharepoint.com/sites/CodedWork9/Shared%20Documents/IAS/2025/MOR/IAS-MOR-08-04-25%20%23242.pdf
IAS-MOR-08-05_08-06-25 #244 DEMOED.pdf,4209889,4.01 MB,2025-08-08T13:21:03Z,2025-08-08T13:21:03Z,https://anesthesiapartners.sharepoint.com/sites/CodedWork9/Shared%20Documents/IAS/2025/MOR/IAS-MOR-08-05_08-06-25%20%23244%20DEMOED.pdf
IAS-MOR-08-06_08-07-25 #245 DEMOED.pdf,5357585,5.11 MB,2025-08-08T13:11:16Z,2025-08-08T13:11:16Z,https://anesthesiapartners.sharepoint.com/sites/CodedWork9/Shared%20Documents/IAS/2025/MOR/IAS-MOR-08-06_08-07-25%20%23245%20DEMOED.pdf
IAS-MOR-08-08_08-09-25 #246 DEMOED.pdf,7842855,7.48 MB,2025-08-13T12:18:37Z,2025-08-13T12:18:37Z,https://anesthesiapartners.sharepoint.com/sites/CodedWork9/Shared%20Documents/IAS/2025/MOR/IAS-MOR-08-08_08-09-25%20%23246%20DEMOED.pdf
IAS-MOR-08-10_08-13-25 #249 DEMOED.pdf,7088189,6.76 MB,2025-08-20T05:34:17Z,2025-08-20T05:34:17Z,https://anesthesiapartners.sharepoint.com/sites/CodedWork9/Shared%20Documents/IAS/2025/MOR/IAS-MOR-08-10_08-13-25%20%23249%20DEMOED.pdf
IAS-MOR-08-10-08-11-25 #247.pdf,8084733,7.71 MB,2025-08-13T12:08:41Z,2025-08-13T12:08:41Z,https://anesthesiapartners.sharepoint.com/sites/CodedWork9/Shared%20Documents/IAS/2025/MOR/IAS-MOR-08-10-08-11-25%20%23247.pdf
IAS-MOR-08-12-25 #248.pdf,6079298,5.80 MB,2025-08-18T10:18:00Z,2025-08-18T10:18:00Z,https://anesthesiapartners.sharepoint.com/sites/CodedWork9/Shared%20Documents/IAS/2025/MOR/IAS-MOR-08-12-25%20%23248.pdf
IAS-MOR-08-14-25 #250 DEMOED.pdf,4588386,4.38 MB,2025-08-20T09:29:16Z,2025-08-20T09:29:16Z,https://anesthesiapartners.sharepoint.com/sites/CodedWork9/Shared%20Documents/IAS/2025/MOR/IAS-MOR-08-14-25%20%23250%20DEMOED.pdf
IAS-MOR-08-15_08-18-25 #251 DEMOED.pdf,6791236,6.48 MB,2025-08-20T09:57:41Z,2025-08-20T09:57:41Z,https://anesthesiapartners.sharepoint.com/sites/CodedWork9/Shared%20Documents/IAS/2025/MOR/IAS-MOR-08-15_08-18-25%20%23251%20DEMOED.pdf
IAS-MOR-08-18-25 #252.pdf,7275106,6.94 MB,2025-08-21T13:31:27Z,2025-08-21T13:31:27Z,https://anesthesiapartners.sharepoint.com/sites/CodedWork9/Shared%20Documents/IAS/2025/MOR/IAS-MOR-08-18-25%20%23252.pdf
IAS-MOR-08-19-25 #253.pdf,10228800,9.75 MB,2025-08-22T12:03:40Z,2025-08-22T12:03:40Z,https://anesthesiapartners.sharepoint.com/sites/CodedWork9/Shared%20Documents/IAS/2025/MOR/IAS-MOR-08-19-25%20%23253.pdf
IAS-MOR-08-20-25 #254 DEMOED.pdf,9176361,8.75 MB,2025-08-26T12:23:11Z,2025-08-26T12:23:11Z,https://anesthesiapartners.sharepoint.com/sites/CodedWork9/Shared%20Documents/IAS/2025/MOR/IAS-MOR-08-20-25%20%23254%20DEMOED.pdf
IAS-MOR-08-21_08-22-25 #256 DEMOED.pdf,4827475,4.60 MB,2025-08-23T10:06:54Z,2025-08-23T10:06:54Z,https://anesthesiapartners.sharepoint.com/sites/CodedWork9/Shared%20Documents/IAS/2025/MOR/IAS-MOR-08-21_08-22-25%20%23256%20DEMOED.pdf
IAS-MOR-08-21-25 #255 DEMOED.pdf,3814888,3.64 MB,2025-08-25T06:38:31Z,2025-08-25T06:38:31Z,https://anesthesiapartners.sharepoint.com/sites/CodedWork9/Shared%20Documents/IAS/2025/MOR/IAS-MOR-08-21-25%20%23255%20DEMOED.pdf
IAS-MOR-08-22-08-24-25 #257.pdf,4786703,4.56 MB,2025-08-26T07:28:57Z,2025-08-26T07:28:57Z,https://anesthesiapartners.sharepoint.com/sites/CodedWork9/Shared%20Documents/IAS/2025/MOR/IAS-MOR-08-22-08-24-25%20%23257.pdf
IAS-MOR-08-25-25 #258.pdf,6898039,6.58 MB,2025-08-27T11:01:28Z,2025-08-27T11:01:28Z,https://anesthesiapartners.sharepoint.com/sites/CodedWork9/Shared%20Documents/IAS/2025/MOR/IAS-MOR-08-25-25%20%23258.pdf
IAS-MOR-08-26-25 #259.pdf,7330560,6.99 MB,2025-08-28T08:55:02Z,2025-08-28T08:55:02Z,https://anesthesiapartners.sharepoint.com/sites/CodedWork9/Shared%20Documents/IAS/2025/MOR/IAS-MOR-08-26-25%20%23259.pdf
IAS-MOR-08-27-25 #260.pdf,9529198,9.09 MB,2025-08-29T09:49:07Z,2025-08-29T09:49:07Z,https://anesthesiapartners.sharepoint.com/sites/CodedWork9/Shared%20Documents/IAS/2025/MOR/IAS-MOR-08-27-25%20%23260.pdf
IAS-MOR-08-28-25 #261.pdf,6103816,5.82 MB,2025-09-02T05:46:09Z,2025-09-02T05:46:09Z,https://anesthesiapartners.sharepoint.com/sites/CodedWork9/Shared%20Documents/IAS/2025/MOR/IAS-MOR-08-28-25%20%23261.pdf
IAS-MOR-08-29-25 #262 DEMOED.pdf,6574998,6.27 MB,2025-09-03T09:32:30Z,2025-09-03T09:32:30Z,https://anesthesiapartners.sharepoint.com/sites/CodedWork9/Shared%20Documents/IAS/2025/MOR/IAS-MOR-08-29-25%20%23262%20DEMOED.pdf
IAS-MOR-08-31-25 #263 DEMOED.pdf,988149,964.99 KB,2025-09-03T10:32:32Z,2025-09-03T10:32:32Z,https://anesthesiapartners.sharepoint.com/sites/CodedWork9/Shared%20Documents/IAS/2025/MOR/IAS-MOR-08-31-25%20%23263%20DEMOED.pdf
IAS-MOR-09-02-25 #264 DEMOED.pdf,9036062,8.62 MB,2025-09-05T12:47:09Z,2025-09-05T12:47:09Z,https://anesthesiapartners.sharepoint.com/sites/CodedWork9/Shared%20Documents/IAS/2025/MOR/IAS-MOR-09-02-25%20%23264%20DEMOED.pdf
IAS-MOR-09-03-25 #265 DEMOED.pdf,8340359,7.95 MB,2025-09-09T13:26:09Z,2025-09-09T13:26:09Z,https://anesthesiapartners.sharepoint.com/sites/CodedWork9/Shared%20Documents/IAS/2025/MOR/IAS-MOR-09-03-25%20%23265%20DEMOED.pdf
IAS-MOR-09-04-25 #266 DEMOED.pdf,5981652,5.70 MB,2025-09-10T04:37:03Z,2025-09-10T04:37:03Z,https://anesthesiapartners.sharepoint.com/sites/CodedWork9/Shared%20Documents/IAS/2025/MOR/IAS-MOR-09-04-25%20%23266%20DEMOED.pdf
IAS-MOR-09-05_09-09-25 #268.pdf,11033534,10.52 MB,2025-09-11T17:34:32Z,2025-09-11T17:34:32Z,https://anesthesiapartners.sharepoint.com/sites/CodedWork9/Shared%20Documents/IAS/2025/MOR/IAS-MOR-09-05_09-09-25%20%23268.pdf
IAS-MOR-09-05-25 #267.pdf,10989579,10.48 MB,2025-09-09T11:06:05Z,2025-09-09T11:06:05Z,https://anesthesiapartners.sharepoint.com/sites/CodedWork9/Shared%20Documents/IAS/2025/MOR/IAS-MOR-09-05-25%20%23267.pdf
IAS-MOR-09-09_09-10-25 #269.pdf,9750067,9.30 MB,2025-09-12T10:26:33Z,2025-09-12T10:26:33Z,https://anesthesiapartners.sharepoint.com/sites/CodedWork9/Shared%20Documents/IAS/2025/MOR/IAS-MOR-09-09_09-10-25%20%23269.pdf
IAS-MOR-09-11-25 #270.pdf,5077359,4.84 MB,2025-09-15T09:36:11Z,2025-09-15T09:36:11Z,https://anesthesiapartners.sharepoint.com/sites/CodedWork9/Shared%20Documents/IAS/2025/MOR/IAS-MOR-09-11-25%20%23270.pdf
IAS-MOR-09-12_09-13-25 #271.pdf,7122331,6.79 MB,2025-09-18T04:19:47Z,2025-09-18T04:19:47Z,https://anesthesiapartners.sharepoint.com/sites/CodedWork9/Shared%20Documents/IAS/2025/MOR/IAS-MOR-09-12_09-13-25%20%23271.pdf
IAS-MOR-09-15-09-16-25 #272.pdf,7843144,7.48 MB,2025-09-22T05:31:29Z,2025-09-22T05:32:09Z,https://anesthesiapartners.sharepoint.com/sites/CodedWork9/Shared%20Documents/IAS/2025/MOR/IAS-MOR-09-15-09-16-25%20%23272.pdf
IAS-MOR-09-17-25 #273 DEMOED.pdf,8861538,8.45 MB,2025-09-22T04:46:29Z,2025-09-22T04:46:29Z,https://anesthesiapartners.sharepoint.com/sites/CodedWork9/Shared%20Documents/IAS/2025/MOR/IAS-MOR-09-17-25%20%23273%20DEMOED.pdf
IAS-MOR-09-18-25 #274 DEMOED.pdf,5324025,5.08 MB,2025-09-22T12:31:47Z,2025-09-22T12:31:47Z,https://anesthesiapartners.sharepoint.com/sites/CodedWork9/Shared%20Documents/IAS/2025/MOR/IAS-MOR-09-18-25%20%23274%20DEMOED.pdf
IAS-MOR-09-19-25 #275.pdf,9940245,9.48 MB,2025-09-23T10:10:47Z,2025-09-23T10:10:47Z,https://anesthesiapartners.sharepoint.com/sites/CodedWork9/Shared%20Documents/IAS/2025/MOR/IAS-MOR-09-19-25%20%23275.pdf
IAS-MOR-09-22-25 #276.pdf,13899911,13.26 MB,2025-09-25T09:55:43Z,2025-09-25T09:55:43Z,https://anesthesiapartners.sharepoint.com/sites/CodedWork9/Shared%20Documents/IAS/2025/MOR/IAS-MOR-09-22-25%20%23276.pdf
IAS-MOR-09-23-25 #277.pdf,7620853,7.27 MB,2025-10-01T08:00:17Z,2025-10-01T08:00:17Z,https://anesthesiapartners.sharepoint.com/sites/CodedWork9/Shared%20Documents/IAS/2025/MOR/IAS-MOR-09-23-25%20%23277.pdf
IAS-MOR-09-24-25 #278.pdf,9840897,9.39 MB,2025-10-02T06:25:32Z,2025-10-02T06:25:32Z,https://anesthesiapartners.sharepoint.com/sites/CodedWork9/Shared%20Documents/IAS/2025/MOR/IAS-MOR-09-24-25%20%23278.pdf
IAS-MOR-09-25-25 #279.pdf,5936527,5.66 MB,2025-10-02T07:47:09Z,2025-10-02T07:47:09Z,https://anesthesiapartners.sharepoint.com/sites/CodedWork9/Shared%20Documents/IAS/2025/MOR/IAS-MOR-09-25-25%20%23279.pdf
IAS-MOR-09-26-25 #280.pdf,8766722,8.36 MB,2025-10-02T08:56:18Z,2025-10-02T08:56:18Z,https://anesthesiapartners.sharepoint.com/sites/CodedWork9/Shared%20Documents/IAS/2025/MOR/IAS-MOR-09-26-25%20%23280.pdf
IAS-MOR-09-29-25 #281.pdf,8737433,8.33 MB,2025-10-02T10:29:59Z,2025-10-02T10:29:59Z,https://anesthesiapartners.sharepoint.com/sites/CodedWork9/Shared%20Documents/IAS/2025/MOR/IAS-MOR-09-29-25%20%23281.pdf
IAS-MOR-09-30-25 #282.pdf,6785378,6.47 MB,2025-10-06T09:20:51Z,2025-10-06T09:20:51Z,https://anesthesiapartners.sharepoint.com/sites/CodedWork9/Shared%20Documents/IAS/2025/MOR/IAS-MOR-09-30-25%20%23282.pdf
IAS-MOR-10-01-25 #283.pdf,2725601,2.60 MB,2025-10-06T10:32:36Z,2025-10-06T10:32:36Z,https://anesthesiapartners.sharepoint.com/sites/CodedWork9/Shared%20Documents/IAS/2025/MOR/IAS-MOR-10-01-25%20%23283.pdf
IAS-MOR-10-02-10-03-25 #285.pdf,7023703,6.70 MB,2025-10-10T05:50:46Z,2025-10-10T05:50:46Z,https://anesthesiapartners.sharepoint.com/sites/CodedWork9/Shared%20Documents/IAS/2025/MOR/IAS-MOR-10-02-10-03-25%20%23285.pdf
IAS-MOR-10-02-25 #284.pdf,5965675,5.69 MB,2025-10-06T11:17:19Z,2025-10-06T11:17:19Z,https://anesthesiapartners.sharepoint.com/sites/CodedWork9/Shared%20Documents/IAS/2025/MOR/IAS-MOR-10-02-25%20%23284.pdf
IAS-MOR-10-06-25 #286.pdf,7821145,7.46 MB,2025-10-10T06:38:12Z,2025-10-10T06:38:12Z,https://anesthesiapartners.sharepoint.com/sites/CodedWork9/Shared%20Documents/IAS/2025/MOR/IAS-MOR-10-06-25%20%23286.pdf
IAS-MOR-10-07-25 #287.pdf,5433070,5.18 MB,2025-10-10T07:21:11Z,2025-10-10T07:21:11Z,https://anesthesiapartners.sharepoint.com/sites/CodedWork9/Shared%20Documents/IAS/2025/MOR/IAS-MOR-10-07-25%20%23287.pdf
IAS-MOR-10-08-25 #288.pdf,7695527,7.34 MB,2025-10-13T06:44:32Z,2025-10-13T06:44:32Z,https://anesthesiapartners.sharepoint.com/sites/CodedWork9/Shared%20Documents/IAS/2025/MOR/IAS-MOR-10-08-25%20%23288.pdf
IAS-MOR-10-09-25 #289 DEMOED.pdf,9319450,8.89 MB,2025-10-14T12:18:05Z,2025-10-14T12:18:05Z,https://anesthesiapartners.sharepoint.com/sites/CodedWork9/Shared%20Documents/IAS/2025/MOR/IAS-MOR-10-09-25%20%23289%20DEMOED.pdf
IAS-MOR-10-10-25 #290 DEMOED.pdf,8540358,8.14 MB,2025-10-16T05:10:27Z,2025-10-16T05:10:27Z,https://anesthesiapartners.sharepoint.com/sites/CodedWork9/Shared%20Documents/IAS/2025/MOR/IAS-MOR-10-10-25%20%23290%20DEMOED.pdf
IAS-MOR-10-10-25 #291 DEMOED.pdf,2768562,2.64 MB,2025-10-16T14:02:48Z,2025-10-16T14:02:48Z,https://anesthesiapartners.sharepoint.com/sites/CodedWork9/Shared%20Documents/IAS/2025/MOR/IAS-MOR-10-10-25%20%23291%20DEMOED.pdf
IAS-MOR-10-13-25 #292 DEMOED.pdf,9893882,9.44 MB,2025-10-17T08:50:23Z,2025-10-17T08:50:23Z,https://anesthesiapartners.sharepoint.com/sites/CodedWork9/Shared%20Documents/IAS/2025/MOR/IAS-MOR-10-13-25%20%23292%20DEMOED.pdf
IAS-MOR-10-14-25 #293 DEMOED.pdf,5243148,5.00 MB,2025-10-17T05:48:25Z,2025-10-17T05:48:25Z,https://anesthesiapartners.sharepoint.com/sites/CodedWork9/Shared%20Documents/IAS/2025/MOR/IAS-MOR-10-14-25%20%23293%20DEMOED.pdf
IAS-MOR-10-15-25 #294.pdf,8252234,7.87 MB,2025-10-17T13:34:21Z,2025-10-17T13:34:21Z,https://anesthesiapartners.sharepoint.com/sites/CodedWork9/Shared%20Documents/IAS/2025/MOR/IAS-MOR-10-15-25%20%23294.pdf
IAS-MOR-10-16-25 #295.pdf,8318345,7.93 MB,2025-10-20T09:06:30Z,2025-10-20T09:06:30Z,https://anesthesiapartners.sharepoint.com/sites/CodedWork9/Shared%20Documents/IAS/2025/MOR/IAS-MOR-10-16-25%20%23295.pdf
IAS-MOR-10-17_10-20-25 #298 DEMOED.pdf,7586762,7.24 MB,2025-10-28T10:03:49Z,2025-10-28T10:03:49Z,https://anesthesiapartners.sharepoint.com/sites/CodedWork9/Shared%20Documents/IAS/2025/MOR/IAS-MOR-10-17_10-20-25%20%23298%20DEMOED.pdf
IAS-MOR-10-17-25 #296.pdf,7217347,6.88 MB,2025-10-20T09:32:55Z,2025-10-20T09:32:55Z,https://anesthesiapartners.sharepoint.com/sites/CodedWork9/Shared%20Documents/IAS/2025/MOR/IAS-MOR-10-17-25%20%23296.pdf
IAS-MOR-10-20_10-22-25 #301 DEMOED.pdf,3572242,3.41 MB,2025-10-28T11:32:54Z,2025-10-28T11:32:54Z,https://anesthesiapartners.sharepoint.com/sites/CodedWork9/Shared%20Documents/IAS/2025/MOR/IAS-MOR-10-20_10-22-25%20%23301%20DEMOED.pdf
IAS-MOR-10-20-25 #297 DEMOED.pdf,5055594,4.82 MB,2025-10-28T08:54:46Z,2025-10-28T10:04:00Z,https://anesthesiapartners.sharepoint.com/sites/CodedWork9/Shared%20Documents/IAS/2025/MOR/IAS-MOR-10-20-25%20%23297%20DEMOED.pdf
IAS-MOR-10-21-25 #299 DEMOED.pdf,8631781,8.23 MB,2025-10-28T10:34:58Z,2025-10-28T10:34:58Z,https://anesthesiapartners.sharepoint.com/sites/CodedWork9/Shared%20Documents/IAS/2025/MOR/IAS-MOR-10-21-25%20%23299%20DEMOED.pdf
IAS-MOR-10-22-25 #300 DEMOED.pdf,9060611,8.64 MB,2025-10-28T11:10:12Z,2025-10-28T11:14:48Z,https://anesthesiapartners.sharepoint.com/sites/CodedWork9/Shared%20Documents/IAS/2025/MOR/IAS-MOR-10-22-25%20%23300%20DEMOED.pdf
IAS-MOR-10-23-25 #302 DEMOED.pdf,12168004,11.60 MB,2025-10-28T10:59:46Z,2025-10-28T10:59:46Z,https://anesthesiapartners.sharepoint.com/sites/CodedWork9/Shared%20Documents/IAS/2025/MOR/IAS-MOR-10-23-25%20%23302%20DEMOED.pdf
IAS-MOR-10-24_10-26-25 #303 DEMOED.pdf,9435334,9.00 MB,2025-10-28T12:07:40Z,2025-10-28T12:07:40Z,https://anesthesiapartners.sharepoint.com/sites/CodedWork9/Shared%20Documents/IAS/2025/MOR/IAS-MOR-10-24_10-26-25%20%23303%20DEMOED.pdf
IAS-MOR-10-27-25 #304 DEMOED.pdf,6116037,5.83 MB,2025-10-31T13:04:55Z,2025-10-31T13:04:55Z,https://anesthesiapartners.sharepoint.com/sites/CodedWork9/Shared%20Documents/IAS/2025/MOR/IAS-MOR-10-27-25%20%23304%20DEMOED.pdf
IAS-MOR-10-28-25 #305 DEMOED.pdf,6627714,6.32 MB,2025-10-31T13:29:13Z,2025-10-31T13:29:13Z,https://anesthesiapartners.sharepoint.com/sites/CodedWork9/Shared%20Documents/IAS/2025/MOR/IAS-MOR-10-28-25%20%23305%20DEMOED.pdf
IAS-MOR-10-29-25 #306.pdf,7583075,7.23 MB,2025-11-03T08:01:35Z,2025-11-03T08:01:35Z,https://anesthesiapartners.sharepoint.com/sites/CodedWork9/Shared%20Documents/IAS/2025/MOR/IAS-MOR-10-29-25%20%23306.pdf
IAS-MOR-10-30-25 #307.pdf,9675972,9.23 MB,2025-11-04T10:04:52Z,2025-11-04T10:04:52Z,https://anesthesiapartners.sharepoint.com/sites/CodedWork9/Shared%20Documents/IAS/2025/MOR/IAS-MOR-10-30-25%20%23307.pdf
IAS-MOR-10-31-11-03-25 #309.pdf,9976653,9.51 MB,2025-11-11T05:40:38Z,2025-11-11T05:40:38Z,https://anesthesiapartners.sharepoint.com/sites/CodedWork9/Shared%20Documents/IAS/2025/MOR/IAS-MOR-10-31-11-03-25%20%23309.pdf
IAS-MOR-10-31-25 #308.pdf,7965492,7.60 MB,2025-11-04T10:33:16Z,2025-11-04T10:33:16Z,https://anesthesiapartners.sharepoint.com/sites/CodedWork9/Shared%20Documents/IAS/2025/MOR/IAS-MOR-10-31-25%20%23308.pdf
IAS-MOR-11-03-11-05-25 #311.pdf,11263267,10.74 MB,2025-11-11T07:08:33Z,2025-11-11T07:08:33Z,https://anesthesiapartners.sharepoint.com/sites/CodedWork9/Shared%20Documents/IAS/2025/MOR/IAS-MOR-11-03-11-05-25%20%23311.pdf
IAS-MOR-11-04-25 #310.pdf,4704169,4.49 MB,2025-11-11T06:14:15Z,2025-11-11T06:14:15Z,https://anesthesiapartners.sharepoint.com/sites/CodedWork9/Shared%20Documents/IAS/2025/MOR/IAS-MOR-11-04-25%20%23310.pdf
IAS-MOR-11-06_11-10-25 #314 DEMOED.pdf,11765227,11.22 MB,2025-11-17T09:52:36Z,2025-11-17T09:52:36Z,https://anesthesiapartners.sharepoint.com/sites/CodedWork9/Shared%20Documents/IAS/2025/MOR/IAS-MOR-11-06_11-10-25%20%23314%20DEMOED.pdf
